round_epochs,loss,accuracy,val_loss,val_accuracy,activation,batch_size,dropout,epochs,first_neuron,hidden_layers,last_activation,lr,shapes
9,2.4822323322296143,0.004149615298956633,0.6596502661705017,0.0005157100385986269,sigmoid,27,0.30000000000000004,150,128,0,sigmoid,3.6499999999999995,funnel
11,1.2401158809661865,0.2629060745239258,0.629601776599884,0.2200171947479248,sigmoid,21,0.1,150,4,0,sigmoid,0.5,brick
21,0.20367906987667084,0.5215001702308655,0.20800909399986267,0.5158055424690247,sigmoid,24,0.0,150,16,2,sigmoid,2.3,funnel
9,1.1550030708312988,0.27004972100257874,0.465484619140625,0.29907363653182983,relu,10,0.1,150,32,1,sigmoid,1.8499999999999999,brick
10,1.2418277263641357,0.09342603385448456,0.6152085661888123,0.06146499887108803,sigmoid,18,0.1,150,8,0,sigmoid,2.3,brick
10,2.4909701347351074,0.2658093571662903,0.6749997735023499,0.35446470975875854,sigmoid,18,0.30000000000000004,150,4,0,sigmoid,1.4,brick
12,3.1410207748413086,0.014124928042292595,0.7117977142333984,0.0008022156544029713,sigmoid,2,0.4,150,64,0,sigmoid,3.6499999999999995,funnel
13,1.7715121507644653,0.3476985991001129,0.5073583722114563,0.46895235776901245,relu,21,0.2,150,8,1,sigmoid,4.55,brick
