{"max_depth": 2, "initial_nodes": 200, "learning_rate": 0.0036864344871878527, "dropout": 0.6935861755978148, "batch_size": 405}